# Angika,Awadhi,Bajjika,Bhojpuri,Bundeli,Chhattisgarhi,Garhwali,Haryanvi,Jaipuri,Khariboli,Khortha,Kumaoni,Magahi,Maithili,Marwari,Rajasthani,Sadri,Surgujia,Surjapuri,none
3,0,0,42,4,14,30,0,52,26,6,85,1,73,20,29,0,2,149,19
0,1,0,33,1,47,10,0,19,10,0,5,0,13,8,6,0,5,5,21
5,1,0,273,0,43,28,1,62,42,15,102,5,86,32,34,0,3,64,62
6,1,0,3266,8,125,54,10,223,163,4,429,1,151,60,104,0,48,57,134
1,0,0,13,21,9,24,2,98,47,0,92,0,8,72,43,0,0,2,12
5,6,0,190,12,1882,112,10,269,182,2,293,4,120,84,68,0,150,90,206
2,3,0,43,8,38,1234,5,43,30,0,164,0,51,39,69,0,10,40,109
0,0,0,3,0,0,8,15,17,21,0,21,0,5,32,25,0,3,3,3
0,0,0,0,0,0,2,2,48,1,0,15,0,1,6,4,0,0,4,1
0,2,0,32,9,10,12,6,134,177,0,184,0,31,53,30,0,0,13,22
4,4,0,160,7,38,38,3,33,53,39,42,5,114,34,43,0,5,54,129
1,0,0,8,2,3,335,0,149,101,0,453,0,9,46,24,0,1,1,6
3,1,0,124,6,40,17,3,135,81,9,179,4,142,29,45,0,0,30,82
12,0,0,402,8,98,175,6,174,144,15,326,6,1069,101,125,0,21,536,127
1,0,0,14,5,28,76,32,93,87,0,224,2,15,633,157,0,3,16,64
1,2,0,22,6,24,157,40,125,84,1,230,0,27,583,950,0,7,51,130
2,1,0,122,5,172,35,0,52,24,4,30,0,32,24,30,0,57,28,56
1,1,0,54,1,166,22,0,28,16,1,23,0,19,16,17,0,94,23,41
0,0,0,10,0,4,5,0,2,1,1,11,1,18,3,6,0,0,119,9
