# Angika,Awadhi,Bajjika,Bhojpuri,Bundeli,Chhattisgarhi,Garhwali,Haryanvi,Jaipuri,Khariboli,Khortha,Kumaoni,Magahi,Maithili,Marwari,Rajasthani,Sadri,Surgujia,Surjapuri,Hindi
162,4,9,29,8,21,27,3,6,25,20,36,31,265,12,17,9,3,18,105
7,49,3,61,3,54,3,0,2,3,11,4,25,16,9,2,23,12,1,4
6,7,517,43,7,21,14,0,0,9,17,5,75,93,9,9,10,10,1,23
55,39,112,5576,45,227,102,16,13,109,122,147,173,223,80,81,96,57,16,534
15,1,7,18,203,39,15,2,10,81,9,31,14,24,53,31,5,2,1,107
34,62,59,169,56,3865,99,23,11,103,79,68,199,160,101,83,240,249,15,322
21,5,23,70,21,64,1915,7,7,26,52,228,16,92,47,96,33,18,11,41
1,0,0,2,3,1,5,76,0,9,1,4,9,2,34,21,7,1,0,23
2,1,0,0,2,1,0,3,26,3,3,7,5,6,8,11,1,0,0,22
21,13,9,82,75,57,11,12,7,234,12,125,56,44,71,39,11,16,0,326
33,15,10,51,5,24,29,2,0,7,699,4,59,43,8,5,29,29,7,14
19,1,1,16,39,20,506,6,12,109,9,441,38,29,44,35,2,3,1,339
37,15,129,61,16,67,24,6,3,25,61,25,334,204,27,15,22,25,11,127
219,45,312,201,48,166,121,18,17,109,166,115,356,3567,69,76,88,63,61,515
15,5,14,24,22,30,45,20,2,48,14,45,27,25,649,310,11,12,2,130
16,14,9,30,27,38,88,28,4,47,23,29,50,56,480,1518,22,18,7,141
5,15,8,28,4,151,37,3,1,13,28,8,18,33,16,12,225,62,6,33
3,7,15,22,3,197,19,2,0,5,13,1,7,18,5,14,47,129,2,14
11,1,6,3,0,10,8,0,0,4,12,0,14,72,0,5,5,4,113,10
140,36,53,207,226,308,106,85,90,589,76,691,412,349,370,351,138,69,13,3648
