# Angika,Awadhi,Bajjika,Bhojpuri,Bundeli,Chhattisgarhi,Garhwali,Haryanvi,Jaipuri,Khariboli,Khortha,Kumaoni,Magahi,Maithili,Marwari,Rajasthani,Sadri,Surgujia,Surjapuri,Hindi,none
0,0,0,34,1,5,6,5,28,32,4,24,5,33,3,13,3,0,46,8,5
0,3,0,41,1,5,7,0,19,0,4,3,1,6,2,4,0,1,6,1,4
0,0,0,4,0,2,0,0,1,4,1,0,1,1,0,0,0,0,2,0,2
2,12,0,1802,2,92,30,39,183,64,43,120,23,79,58,90,44,29,81,107,79
1,0,0,4,2,6,3,10,63,49,7,23,2,9,14,8,2,0,3,17,1
10,14,0,129,2,1144,45,30,203,63,50,72,27,42,36,25,34,105,113,54,114
3,1,0,33,7,14,477,7,35,11,10,141,5,19,11,41,0,7,23,6,54
0,0,0,2,0,0,0,12,6,4,1,4,0,2,8,2,0,0,2,0,0
0,0,0,0,0,0,2,0,1,0,0,1,1,0,5,4,0,0,2,0,1
2,0,0,37,5,11,1,18,106,76,4,92,11,20,39,15,1,0,6,46,16
5,0,0,53,0,7,14,3,16,1,72,4,7,20,7,11,3,3,4,0,38
0,0,0,2,2,1,242,10,50,56,2,107,1,5,14,11,1,0,4,20,3
0,1,0,59,0,8,9,3,29,12,21,21,19,50,5,13,1,1,31,4,17
27,4,0,365,4,49,110,50,257,133,113,143,70,628,68,126,15,15,566,141,103
0,0,0,0,0,0,0,0,0,0,0,0,0,0,0,0,0,0,0,0,0
1,2,0,1,0,4,1,9,20,16,5,9,2,4,66,7,2,0,4,8,44
0,1,0,1,0,0,0,2,1,0,4,0,0,0,7,1,1,1,10,0,3
0,0,0,0,0,0,0,0,0,0,0,0,0,0,0,0,0,0,0,0,0
2,0,0,2,0,0,1,7,14,1,2,3,0,1,3,0,0,0,51,1,0
2,11,0,84,13,40,63,116,897,495,37,728,34,90,210,371,9,6,29,630,97
